/*
SQLyog Ultimate v13.1.1 (64 bit)
MySQL - 11.4.4-MariaDB : Database - metro_cdmx
*********************************************************************
*/

/*!40101 SET NAMES utf8 */;

/*!40101 SET SQL_MODE=''*/;

/*!40014 SET @OLD_UNIQUE_CHECKS=@@UNIQUE_CHECKS, UNIQUE_CHECKS=0 */;
/*!40014 SET @OLD_FOREIGN_KEY_CHECKS=@@FOREIGN_KEY_CHECKS, FOREIGN_KEY_CHECKS=0 */;
/*!40101 SET @OLD_SQL_MODE=@@SQL_MODE, SQL_MODE='NO_AUTO_VALUE_ON_ZERO' */;
/*!40111 SET @OLD_SQL_NOTES=@@SQL_NOTES, SQL_NOTES=0 */;
CREATE DATABASE /*!32312 IF NOT EXISTS*/`metro_cdmx` /*!40100 DEFAULT CHARACTER SET utf8mb4 COLLATE utf8mb4_general_ci */;

USE `metro_cdmx`;

/*Table structure for table `active_drivers` */

DROP TABLE IF EXISTS `active_drivers`;

CREATE TABLE `active_drivers` (
  `id` bigint(20) unsigned NOT NULL AUTO_INCREMENT,
  `driver_id` bigint(20) unsigned NOT NULL,
  `created_at` timestamp NOT NULL DEFAULT current_timestamp(),
  `updated_at` timestamp NOT NULL DEFAULT current_timestamp() ON UPDATE current_timestamp(),
  PRIMARY KEY (`id`)
) ENGINE=InnoDB AUTO_INCREMENT=4 DEFAULT CHARSET=utf8mb4 COLLATE=utf8mb4_unicode_ci;

/*Data for the table `active_drivers` */

LOCK TABLES `active_drivers` WRITE;

insert  into `active_drivers`(`id`,`driver_id`,`created_at`,`updated_at`) values 
(3,1,'2024-12-05 08:52:04','2024-12-05 08:52:04');

UNLOCK TABLES;

/*Table structure for table `drivers` */

DROP TABLE IF EXISTS `drivers`;

CREATE TABLE `drivers` (
  `id` bigint(20) unsigned NOT NULL AUTO_INCREMENT,
  `name` varchar(20) DEFAULT NULL,
  `status` tinyint(1) NOT NULL DEFAULT 0,
  `created_at` timestamp NOT NULL DEFAULT current_timestamp(),
  `updated_at` timestamp NOT NULL DEFAULT current_timestamp() ON UPDATE current_timestamp(),
  PRIMARY KEY (`id`)
) ENGINE=InnoDB AUTO_INCREMENT=6 DEFAULT CHARSET=utf8mb4 COLLATE=utf8mb4_unicode_ci;

/*Data for the table `drivers` */

LOCK TABLES `drivers` WRITE;

insert  into `drivers`(`id`,`name`,`status`,`created_at`,`updated_at`) values 
(1,'Pedro',1,'2024-12-04 17:02:41','2024-12-05 08:52:04'),
(2,'Pablo',0,'2024-12-04 17:02:41','2024-12-04 17:02:41'),
(3,'Jos√©',0,'2024-12-04 17:02:41','2024-12-04 17:02:41'),
(4,'Mar√≠a',0,'2024-12-04 17:02:41','2024-12-04 17:02:41'),
(5,'Amanda',0,'2024-12-04 17:02:41','2024-12-04 17:02:41');

UNLOCK TABLES;

/*Table structure for table `lines` */

DROP TABLE IF EXISTS `lines`;

CREATE TABLE `lines` (
  `id` bigint(20) unsigned NOT NULL AUTO_INCREMENT,
  `name` varchar(10) NOT NULL,
  `color` varchar(15) NOT NULL,
  `created_at` timestamp NOT NULL DEFAULT current_timestamp(),
  `updatad_at` timestamp NOT NULL DEFAULT current_timestamp(),
  PRIMARY KEY (`id`)
) ENGINE=InnoDB AUTO_INCREMENT=13 DEFAULT CHARSET=utf8mb4 COLLATE=utf8mb4_unicode_ci;

/*Data for the table `lines` */

LOCK TABLES `lines` WRITE;

insert  into `lines`(`id`,`name`,`color`,`created_at`,`updatad_at`) values 
(1,'L√≠nea 1','Rosa','2024-11-28 09:42:52','2024-11-28 09:42:52'),
(2,'L√≠nea 2','Azul','2024-11-28 09:42:52','2024-11-28 09:42:52'),
(3,'L√≠nea 3','Verde olivo','2024-11-28 09:42:52','2024-11-28 09:42:52'),
(4,'L√≠nea 4','Cian','2024-11-28 09:42:52','2024-11-28 09:42:52'),
(5,'L√≠nea 5','Amarillo','2024-11-28 09:42:52','2024-11-28 09:42:52'),
(6,'L√≠nea 6','Rojo','2024-11-28 09:42:52','2024-11-28 09:42:52'),
(7,'L√≠nea 7','Naranja','2024-11-28 09:42:52','2024-11-28 09:42:52'),
(8,'L√≠nea 8','Verder','2024-11-28 09:42:52','2024-11-28 09:42:52'),
(9,'L√≠nea 9','Caf√©','2024-11-28 09:42:52','2024-11-28 09:42:52'),
(10,'L√≠nea A','Morado','2024-11-28 09:42:52','2024-11-28 09:42:52'),
(11,'L√≠nea B','Verde y gris','2024-11-28 09:42:52','2024-11-28 09:42:52'),
(12,'L√≠nea 12','Oro','2024-11-28 09:42:52','2024-11-28 09:42:52');

UNLOCK TABLES;

/*Table structure for table `lines_stations` */

DROP TABLE IF EXISTS `lines_stations`;

CREATE TABLE `lines_stations` (
  `id` bigint(20) unsigned NOT NULL AUTO_INCREMENT,
  `line_id` bigint(20) unsigned NOT NULL,
  `station_id` bigint(20) unsigned NOT NULL,
  `created_at` timestamp NOT NULL DEFAULT current_timestamp(),
  `updated_at` timestamp NOT NULL DEFAULT current_timestamp() ON UPDATE current_timestamp(),
  PRIMARY KEY (`id`),
  KEY `lines_stations_line_id_foreign` (`line_id`),
  KEY `lines_stations_station_id_foreign` (`station_id`),
  CONSTRAINT `lines_stations_line_id_foreign` FOREIGN KEY (`line_id`) REFERENCES `lines` (`id`),
  CONSTRAINT `lines_stations_station_id_foreign` FOREIGN KEY (`station_id`) REFERENCES `stations` (`id`)
) ENGINE=InnoDB AUTO_INCREMENT=1818 DEFAULT CHARSET=utf8mb4 COLLATE=utf8mb4_unicode_ci;

/*Data for the table `lines_stations` */

LOCK TABLES `lines_stations` WRITE;

insert  into `lines_stations`(`id`,`line_id`,`station_id`,`created_at`,`updated_at`) values 
(1624,9,1,'2024-11-28 17:21:57','2024-11-28 17:21:57'),
(1625,10,3,'2024-11-28 17:24:27','2024-11-28 17:24:27'),
(1626,2,4,'2024-11-28 17:24:56','2024-11-28 17:24:56'),
(1627,6,5,'2024-11-28 17:24:56','2024-11-28 17:24:56'),
(1628,4,6,'2024-11-28 17:24:56','2024-11-28 17:24:56'),
(1629,11,7,'2024-11-28 17:24:56','2024-11-28 17:24:56'),
(1630,6,8,'2024-11-28 17:24:56','2024-11-28 17:24:56'),
(1631,11,9,'2024-11-28 17:24:56','2024-11-28 17:24:56'),
(1632,2,10,'2024-11-28 17:24:56','2024-11-28 17:24:56'),
(1633,1,11,'2024-11-28 17:24:56','2024-11-28 17:24:56'),
(1634,12,12,'2024-11-28 17:24:56','2024-11-28 17:24:56'),
(1635,8,13,'2024-11-28 17:24:56','2024-11-28 17:24:56'),
(1636,3,14,'2024-11-28 17:24:56','2024-11-28 17:24:56'),
(1637,7,4,'2024-11-28 17:24:56','2024-11-28 17:24:56'),
(1638,4,15,'2024-11-28 17:24:56','2024-11-28 17:24:56'),
(1639,5,16,'2024-11-28 17:24:56','2024-11-28 17:24:56'),
(1640,11,17,'2024-11-28 17:24:56','2024-11-28 17:24:56'),
(1641,12,18,'2024-11-28 17:24:56','2024-11-28 17:24:56'),
(1642,3,19,'2024-11-28 17:24:56','2024-11-28 17:24:56'),
(1643,12,20,'2024-11-28 17:24:56','2024-11-28 17:24:56'),
(1644,3,21,'2024-11-28 17:24:56','2024-11-28 17:24:56'),
(1645,8,22,'2024-11-28 17:24:56','2024-11-28 17:24:56'),
(1646,1,23,'2024-11-28 17:24:56','2024-11-28 17:24:56'),
(1647,9,24,'2024-11-28 17:24:56','2024-11-28 17:24:56'),
(1648,11,25,'2024-11-28 17:24:56','2024-11-28 17:24:56'),
(1649,3,26,'2024-11-28 17:24:56','2024-11-28 17:24:56'),
(1650,2,27,'2024-11-28 17:24:56','2024-11-28 17:24:56'),
(1651,7,28,'2024-11-28 17:24:56','2024-11-28 17:24:56'),
(1652,3,29,'2024-11-28 17:24:56','2024-11-28 17:24:56'),
(1653,6,30,'2024-11-28 17:24:56','2024-11-28 17:24:56'),
(1654,8,31,'2024-11-28 17:24:56','2024-11-28 17:24:56'),
(1655,8,32,'2024-11-28 17:24:56','2024-11-28 17:24:56'),
(1656,3,33,'2024-11-28 17:24:56','2024-11-28 17:24:56'),
(1657,2,34,'2024-11-28 17:24:56','2024-11-28 17:24:56'),
(1658,6,35,'2024-11-28 17:24:56','2024-11-28 17:24:56'),
(1659,11,36,'2024-11-28 17:24:56','2024-11-28 17:24:56'),
(1660,12,37,'2024-11-28 17:24:56','2024-11-28 17:24:56'),
(1661,4,38,'2024-11-28 17:24:56','2024-11-28 17:24:56'),
(1662,11,39,'2024-11-28 17:24:56','2024-11-28 17:24:56'),
(1663,8,40,'2024-11-28 17:24:56','2024-11-28 17:24:56'),
(1664,9,41,'2024-11-28 17:24:56','2024-11-28 17:24:56'),
(1665,3,42,'2024-11-28 17:24:56','2024-11-28 17:24:56'),
(1666,1,43,'2024-11-28 17:24:56','2024-11-28 17:24:56'),
(1667,9,34,'2024-11-28 17:24:56','2024-11-28 17:24:56'),
(1668,8,44,'2024-11-28 17:24:56','2024-11-28 17:24:56'),
(1669,1,45,'2024-11-28 17:24:56','2024-11-28 17:24:56'),
(1670,10,46,'2024-11-28 17:24:56','2024-11-28 17:24:56'),
(1671,11,47,'2024-11-28 17:24:56','2024-11-28 17:24:56'),
(1672,1,48,'2024-11-28 17:24:56','2024-11-28 17:24:56'),
(1673,2,49,'2024-11-28 17:24:56','2024-11-28 17:24:56'),
(1674,3,50,'2024-11-28 17:24:56','2024-11-28 17:24:56'),
(1675,1,51,'2024-11-28 17:24:56','2024-11-28 17:24:56'),
(1676,5,52,'2024-11-28 17:24:56','2024-11-28 17:24:56'),
(1677,9,38,'2024-11-28 17:24:56','2024-11-28 17:24:56'),
(1678,7,53,'2024-11-28 17:24:56','2024-11-28 17:24:56'),
(1679,11,54,'2024-11-28 17:24:56','2024-11-28 17:24:56'),
(1680,11,55,'2024-11-28 17:24:56','2024-11-28 17:24:56'),
(1681,2,56,'2024-11-28 17:24:56','2024-11-28 17:24:56'),
(1682,2,57,'2024-11-28 17:24:56','2024-11-28 17:24:56'),
(1683,9,58,'2024-11-28 17:24:56','2024-11-28 17:24:56'),
(1684,10,59,'2024-11-28 17:24:56','2024-11-28 17:24:56'),
(1685,2,60,'2024-11-28 17:24:56','2024-11-28 17:24:56'),
(1686,2,61,'2024-11-28 17:24:56','2024-11-28 17:24:56'),
(1687,4,62,'2024-11-28 17:24:56','2024-11-28 17:24:56'),
(1688,11,63,'2024-11-28 17:24:56','2024-11-28 17:24:56'),
(1689,1,64,'2024-11-28 17:24:56','2024-11-28 17:24:56'),
(1690,2,65,'2024-11-28 17:24:56','2024-11-28 17:24:56'),
(1691,5,66,'2024-11-28 17:24:56','2024-11-28 17:24:56'),
(1692,6,67,'2024-11-28 17:24:56','2024-11-28 17:24:56'),
(1693,12,22,'2024-11-28 17:24:56','2024-11-28 17:24:56'),
(1694,7,68,'2024-11-28 17:24:56','2024-11-28 17:24:56'),
(1695,12,69,'2024-11-28 17:24:56','2024-11-28 17:24:56'),
(1696,8,6,'2024-11-28 17:24:56','2024-11-28 17:24:56'),
(1697,6,30,'2024-11-28 17:24:56','2024-11-28 17:24:56'),
(1698,7,70,'2024-11-28 17:24:56','2024-11-28 17:24:56'),
(1699,3,71,'2024-11-28 17:24:56','2024-11-28 17:24:56'),
(1700,3,72,'2024-11-28 17:24:56','2024-11-28 17:24:56'),
(1701,4,73,'2024-11-28 17:24:56','2024-11-28 17:24:56'),
(1702,12,65,'2024-11-28 17:24:56','2024-11-28 17:24:56'),
(1703,1,3,'2024-11-28 17:24:56','2024-11-28 17:24:56'),
(1704,9,74,'2024-11-28 17:24:56','2024-11-28 17:24:56'),
(1705,1,75,'2024-11-28 17:24:56','2024-11-28 17:24:56'),
(1706,10,76,'2024-11-28 17:24:56','2024-11-28 17:24:56'),
(1707,5,77,'2024-11-28 17:24:56','2024-11-28 17:24:56'),
(1708,12,78,'2024-11-28 17:24:56','2024-11-28 17:24:56'),
(1709,8,34,'2024-11-28 17:24:56','2024-11-28 17:24:56'),
(1710,4,79,'2024-11-28 17:24:56','2024-11-28 17:24:56'),
(1711,7,80,'2024-11-28 17:24:56','2024-11-28 17:24:56'),
(1712,8,81,'2024-11-28 17:24:56','2024-11-28 17:24:56'),
(1713,11,82,'2024-11-28 17:24:56','2024-11-28 17:24:56'),
(1714,12,83,'2024-11-28 17:24:56','2024-11-28 17:24:56'),
(1715,5,84,'2024-11-28 17:24:56','2024-11-28 17:24:56'),
(1716,12,85,'2024-11-28 17:24:56','2024-11-28 17:24:56'),
(1717,11,86,'2024-11-28 17:24:56','2024-11-28 17:24:56'),
(1718,7,87,'2024-11-28 17:24:56','2024-11-28 17:24:56'),
(1719,12,88,'2024-11-28 17:24:56','2024-11-28 17:24:56'),
(1720,12,89,'2024-11-28 17:24:56','2024-11-28 17:24:56'),
(1721,3,90,'2024-11-28 17:24:56','2024-11-28 17:24:56'),
(1722,2,90,'2024-11-28 17:24:56','2024-11-28 17:24:56'),
(1723,3,91,'2024-11-28 17:24:56','2024-11-28 17:24:56'),
(1724,11,92,'2024-11-28 17:24:56','2024-11-28 17:24:56'),
(1725,11,93,'2024-11-28 17:24:56','2024-11-28 17:24:56'),
(1726,3,67,'2024-11-28 17:24:56','2024-11-28 17:24:56'),
(1727,4,94,'2024-11-28 17:24:56','2024-11-28 17:24:56'),
(1728,7,95,'2024-11-28 17:24:56','2024-11-28 17:24:56'),
(1729,2,96,'2024-11-28 17:24:56','2024-11-28 17:24:56'),
(1730,8,97,'2024-11-28 17:24:56','2024-11-28 17:24:56'),
(1731,2,98,'2024-11-28 17:24:56','2024-11-28 17:24:56'),
(1732,6,99,'2024-11-28 17:24:56','2024-11-28 17:24:56'),
(1733,9,3,'2024-11-28 17:24:56','2024-11-28 17:24:56'),
(1734,4,47,'2024-11-28 17:24:56','2024-11-28 17:24:56'),
(1735,8,100,'2024-11-28 17:24:56','2024-11-28 17:24:56'),
(1736,10,101,'2024-11-28 17:24:56','2024-11-28 17:24:56'),
(1737,8,102,'2024-11-28 17:24:56','2024-11-28 17:24:56'),
(1738,3,43,'2024-11-28 17:24:56','2024-11-28 17:24:56'),
(1739,5,103,'2024-11-28 17:24:56','2024-11-28 17:24:56'),
(1740,10,104,'2024-11-28 17:24:56','2024-11-28 17:24:56'),
(1741,2,105,'2024-11-28 17:24:56','2024-11-28 17:24:56'),
(1742,7,106,'2024-11-28 17:24:56','2024-11-28 17:24:56'),
(1743,12,107,'2024-11-28 17:24:56','2024-11-28 17:24:56'),
(1744,11,108,'2024-11-28 17:24:56','2024-11-28 17:24:56'),
(1745,5,109,'2024-11-28 17:24:56','2024-11-28 17:24:56'),
(1746,8,110,'2024-11-28 17:24:56','2024-11-28 17:24:56'),
(1747,3,111,'2024-11-28 17:24:56','2024-11-28 17:24:56'),
(1748,6,112,'2024-11-28 17:24:56','2024-11-28 17:24:56'),
(1749,6,113,'2024-11-28 17:24:56','2024-11-28 17:24:56'),
(1750,7,114,'2024-11-28 17:24:56','2024-11-28 17:24:56'),
(1751,8,108,'2024-11-28 17:24:56','2024-11-28 17:24:56'),
(1752,7,115,'2024-11-28 17:24:56','2024-11-28 17:24:56'),
(1753,12,115,'2024-11-28 17:24:56','2024-11-28 17:24:56'),
(1754,5,116,'2024-11-28 17:24:56','2024-11-28 17:24:56'),
(1755,6,70,'2024-11-28 17:24:56','2024-11-28 17:24:56'),
(1756,5,39,'2024-11-28 17:24:56','2024-11-28 17:24:56'),
(1757,12,117,'2024-11-28 17:24:56','2024-11-28 17:24:56'),
(1758,2,102,'2024-11-28 17:24:56','2024-11-28 17:24:56'),
(1759,8,118,'2024-11-28 17:24:56','2024-11-28 17:24:56'),
(1760,9,119,'2024-11-28 17:24:56','2024-11-28 17:24:56'),
(1761,1,120,'2024-11-28 17:24:56','2024-11-28 17:24:56'),
(1762,8,121,'2024-11-28 17:24:56','2024-11-28 17:24:56'),
(1763,8,122,'2024-11-28 17:24:56','2024-11-28 17:24:56'),
(1764,10,123,'2024-11-28 17:24:56','2024-11-28 17:24:56'),
(1765,12,124,'2024-11-28 17:24:56','2024-11-28 17:24:56'),
(1766,1,114,'2024-11-28 17:24:56','2024-11-28 17:24:56'),
(1767,2,125,'2024-11-28 17:24:56','2024-11-28 17:24:56'),
(1768,11,126,'2024-11-28 17:24:56','2024-11-28 17:24:56'),
(1769,3,127,'2024-11-28 17:24:56','2024-11-28 17:24:56'),
(1770,1,128,'2024-11-28 17:24:56','2024-11-28 17:24:56'),
(1771,2,129,'2024-11-28 17:24:56','2024-11-28 17:24:56'),
(1772,3,130,'2024-11-28 17:24:56','2024-11-28 17:24:56'),
(1773,6,131,'2024-11-28 17:24:56','2024-11-28 17:24:56'),
(1774,12,132,'2024-11-28 17:24:56','2024-11-28 17:24:56'),
(1775,1,133,'2024-11-28 17:24:56','2024-11-28 17:24:56'),
(1776,2,134,'2024-11-28 17:24:56','2024-11-28 17:24:56'),
(1777,5,135,'2024-11-28 17:24:56','2024-11-28 17:24:56'),
(1778,1,79,'2024-11-28 17:24:56','2024-11-28 17:24:56'),
(1779,7,136,'2024-11-28 17:24:56','2024-11-28 17:24:56'),
(1780,3,137,'2024-11-28 17:24:56','2024-11-28 17:24:56'),
(1781,11,138,'2024-11-28 17:24:56','2024-11-28 17:24:56'),
(1782,12,139,'2024-11-28 17:24:56','2024-11-28 17:24:56'),
(1783,1,86,'2024-11-28 17:24:56','2024-11-28 17:24:56'),
(1784,10,140,'2024-11-28 17:24:56','2024-11-28 17:24:56'),
(1785,2,141,'2024-11-28 17:24:56','2024-11-28 17:24:56'),
(1786,1,142,'2024-11-28 17:24:56','2024-11-28 17:24:56'),
(1787,9,42,'2024-11-28 17:24:56','2024-11-28 17:24:56'),
(1788,5,94,'2024-11-28 17:24:56','2024-11-28 17:24:56'),
(1789,1,125,'2024-11-28 17:24:56','2024-11-28 17:24:56'),
(1790,1,44,'2024-11-28 17:24:56','2024-11-28 17:24:56'),
(1791,7,143,'2024-11-28 17:24:56','2024-11-28 17:24:56'),
(1792,7,144,'2024-11-28 17:24:56','2024-11-28 17:24:56'),
(1793,2,145,'2024-11-28 17:24:56','2024-11-28 17:24:56'),
(1794,11,146,'2024-11-28 17:24:56','2024-11-28 17:24:56'),
(1795,11,71,'2024-11-28 17:24:56','2024-11-28 17:24:56'),
(1796,12,147,'2024-11-28 17:24:56','2024-11-28 17:24:56'),
(1797,12,50,'2024-11-28 17:24:56','2024-11-28 17:24:56'),
(1798,3,148,'2024-11-28 17:24:56','2024-11-28 17:24:56'),
(1799,8,149,'2024-11-28 17:24:56','2024-11-28 17:24:56'),
(1800,4,150,'2024-11-28 17:24:56','2024-11-28 17:24:56'),
(1801,10,151,'2024-11-28 17:24:56','2024-11-28 17:24:56'),
(1802,5,3,'2024-11-28 17:24:56','2024-11-28 17:24:56'),
(1803,2,152,'2024-11-28 17:24:56','2024-11-28 17:24:56'),
(1804,8,153,'2024-11-28 17:24:56','2024-11-28 17:24:56'),
(1805,11,154,'2024-11-28 17:24:56','2024-11-28 17:24:56'),
(1806,2,155,'2024-11-28 17:24:56','2024-11-28 17:24:56'),
(1807,10,156,'2024-11-28 17:24:56','2024-11-28 17:24:56'),
(1808,3,157,'2024-11-28 17:24:56','2024-11-28 17:24:56'),
(1809,2,158,'2024-11-28 17:24:56','2024-11-28 17:24:56'),
(1810,9,159,'2024-11-28 17:24:56','2024-11-28 17:24:56'),
(1811,2,160,'2024-11-28 17:24:56','2024-11-28 17:24:56'),
(1812,4,5,'2024-11-28 17:24:56','2024-11-28 17:24:56'),
(1813,3,52,'2024-11-28 17:24:56','2024-11-28 17:24:56'),
(1814,1,161,'2024-11-28 17:24:56','2024-11-28 17:24:56'),
(1815,11,162,'2024-11-28 17:24:56','2024-11-28 17:24:56'),
(1816,1,163,'2024-11-28 17:24:56','2024-11-28 17:24:56'),
(1817,9,114,'2024-11-28 17:24:56','2024-11-28 17:24:56');

UNLOCK TABLES;

/*Table structure for table `locations` */

DROP TABLE IF EXISTS `locations`;

CREATE TABLE `locations` (
  `id` bigint(20) unsigned NOT NULL AUTO_INCREMENT,
  `station_id` bigint(20) unsigned NOT NULL,
  `location` point NOT NULL,
  `created_at` timestamp NOT NULL DEFAULT current_timestamp(),
  `updated_at` timestamp NOT NULL DEFAULT current_timestamp() ON UPDATE current_timestamp(),
  PRIMARY KEY (`id`),
  KEY `locations_station_id_foreign` (`station_id`),
  CONSTRAINT `locations_station_id_foreign` FOREIGN KEY (`station_id`) REFERENCES `stations` (`id`)
) ENGINE=InnoDB AUTO_INCREMENT=164 DEFAULT CHARSET=utf8mb4 COLLATE=utf8mb4_unicode_ci;

/*Data for the table `locations` */

LOCK TABLES `locations` WRITE;

insert  into `locations`(`id`,`station_id`,`location`,`created_at`,`updated_at`) values 
(1,1,'\0\0\0\0\0\0\0ôÏ“<…X¿{ïÁá2h3@','2024-12-03 10:00:24','2024-12-03 10:00:24'),
(2,2,'\0\0\0\0\0\0\0˝O˛ÓÀX¿*èZä}3@','2024-12-03 10:00:24','2024-12-03 10:00:24'),
(3,3,'\0\0\0\0\0\0\0´)Ê•ƒX¿≤èÊ#j3@','2024-12-03 10:00:24','2024-12-03 10:00:24'),
(4,4,'\0\0\0\0\0\0\0µ«ÃX¿%÷ˇâu3@','2024-12-03 10:00:24','2024-12-03 10:00:24'),
(5,5,'\0\0\0\0\0\0\042¡∆X¿cs˛ªx{3@','2024-12-03 10:00:24','2024-12-03 10:00:24'),
(6,6,'\0\0\0\0\0\0\0AÇ÷¡«X¿Ô«´{}g3@','2024-12-03 10:00:24','2024-12-03 10:00:24'),
(7,7,'\0\0\0\0\0\0\0‹X˝œÈ√X¿4o0/v3@','2024-12-03 10:00:24','2024-12-03 10:00:24'),
(8,8,'\0\0\0\0\0\0\0\n\0\'äÃX¿*ÊﬁÀñ~3@','2024-12-03 10:00:24','2024-12-03 10:00:24'),
(9,9,'\0\0\0\0\0\0\0Æ*˚ÆH¬X¿úølØ√É3@','2024-12-03 10:00:24','2024-12-03 10:00:24'),
(10,10,'\0\0\0\0\0\0\0àÜˇSı X¿rå{⁄r3@','2024-12-03 10:00:24','2024-12-03 10:00:24'),
(11,11,'\0\0\0\0\0\0\0\Z§8MÀX¿6àΩÌïk3@','2024-12-03 10:00:24','2024-12-03 10:00:24'),
(12,12,'\0\0\0\0\0\0\0Pwn≈X¿yteH¸Q3@','2024-12-03 10:00:24','2024-12-03 10:00:24'),
(13,13,'\0\0\0\0\0\0\0R)v4ƒX¿x¥qƒZX3@','2024-12-03 10:00:24','2024-12-03 10:00:24'),
(14,14,'\0\0\0\0\0\0\0)d\0MÀX¿éN\n±V3@','2024-12-03 10:00:24','2024-12-03 10:00:24'),
(15,15,'\0\0\0\0\0\0\0U8˛Ê∆X¿z≈sby3@','2024-12-03 10:00:24','2024-12-03 10:00:24'),
(16,16,'\0\0\0\0\0\0\05\"•≈X¿Ruvœ\ro3@','2024-12-03 10:00:24','2024-12-03 10:00:24'),
(17,17,'\0\0\0\0\0\0\0~„«X¿bLq3@','2024-12-03 10:00:24','2024-12-03 10:00:24'),
(18,18,'\0\0\0\0\0\0\0R¡˙¢Ò X¿µñd6_3@','2024-12-03 10:00:24','2024-12-03 10:00:24'),
(19,19,'\0\0\0\0\0\0\0*)I X¿˝¯lô„b3@','2024-12-03 10:00:24','2024-12-03 10:00:24'),
(20,20,'\0\0\0\0\0\0\0€ikD0∆X¿!?πnR3@','2024-12-03 10:00:24','2024-12-03 10:00:24'),
(21,21,'\0\0\0\0\0\0\0íI¸@(…X¿ﬁaÍàt3@','2024-12-03 10:00:24','2024-12-03 10:00:24'),
(22,22,'\0\0\0\0\0\0\0;(Ä∆X¿{ˆ}¥[3@','2024-12-03 10:00:24','2024-12-03 10:00:24'),
(23,23,'\0\0\0\0\0\0\04ﬂ˚˙%∆X¿Ûxî)jk3@','2024-12-03 10:00:24','2024-12-03 10:00:24'),
(24,24,'\0\0\0\0\0\0\0_/Ñ≈ X¿dÄ<¢ﬂg3@','2024-12-03 10:00:24','2024-12-03 10:00:24'),
(25,25,'\0\0\0\0\0\0\0ﬁ-˚;º¡X¿‚¯©C—à3@','2024-12-03 10:00:24','2024-12-03 10:00:24'),
(26,26,'\0\0\0\0\0\0\0í\ZÄù…X¿ã}4bk3@','2024-12-03 10:00:24','2024-12-03 10:00:24'),
(27,27,'\0\0\0\0\0\0\0òCˇ¬:ÀX¿|˙ù`ﬁs3@','2024-12-03 10:00:24','2024-12-03 10:00:24'),
(28,28,'\0\0\0\0\0\0\0:PCÃX¿·πîFr3@','2024-12-03 10:00:24','2024-12-03 10:00:24'),
(29,29,'\0\0\0\0\0\0\0”\Zˇ$ÀX¿∆*JÆS3@','2024-12-03 10:00:24','2024-12-03 10:00:24'),
(30,30,'\0\0\0\0\0\0\0µ˚U@…X¿˚bÂe}3@','2024-12-03 10:00:24','2024-12-03 10:00:24'),
(31,31,'\0\0\0\0\0\0\0è„ˇ∆X¿xyùÅO]3@','2024-12-03 10:00:24','2024-12-03 10:00:24'),
(32,32,'\0\0\0\0\0\0\0∫¬j,«X¿ÿ÷OˇYc3@','2024-12-03 10:00:24','2024-12-03 10:00:24'),
(33,33,'\0\0\0\0\0\0\0YQˇ0t…X¿ä¸]LÒn3@','2024-12-03 10:00:24','2024-12-03 10:00:24'),
(34,34,'\0\0\0\0\0\0\0ˇ\'˚æ™»X¿õ?CãÆh3@','2024-12-03 10:00:24','2024-12-03 10:00:24'),
(35,35,'\0\0\0\0\0\0\0’A˚‰ÍÀX¿\'LZÈú}3@','2024-12-03 10:00:24','2024-12-03 10:00:24'),
(36,36,'\0\0\0\0\0\0\0˜«ˇ\roƒX¿Zy∞bDu3@','2024-12-03 10:00:24','2024-12-03 10:00:24'),
(37,37,'\0\0\0\0\0\0\0íÏjÜ¡X¿èﬂ€ÙgK3@','2024-12-03 10:00:24','2024-12-03 10:00:24'),
(38,38,'\0\0\0\0\0\0\0Ω\Z_œ«X¿q9=sˇh3@','2024-12-03 10:00:24','2024-12-03 10:00:24'),
(39,39,'\0\0\0\0\0\0\0@L¢é≈X¿¯Vﬂ\Zr3@','2024-12-03 10:00:24','2024-12-03 10:00:24'),
(40,40,'\0\0\0\0\0\0\0>ê˛è˙≈X¿w®ø¡ã[3@','2024-12-03 10:00:24','2024-12-03 10:00:24'),
(41,41,'\0\0\0\0\0\0\0‡ç˝9«X¿0JÄh3@','2024-12-03 10:00:24','2024-12-03 10:00:24'),
(42,42,'\0\0\0\0\0\0\0∞•…X¿ƒ˙P≥Qh3@','2024-12-03 10:00:24','2024-12-03 10:00:24'),
(43,43,'\0\0\0\0\0\0\0\0˙8ã…X¿&ﬂlscm3@','2024-12-03 10:00:24','2024-12-03 10:00:24'),
(44,44,'\0\0\0\0\0\0\0£Î¸∫…X¿53Ü{]m3@','2024-12-03 10:00:24','2024-12-03 10:00:24'),
(45,45,'\0\0\0\0\0\0\0≈πr X¿“!â¡pl3@','2024-12-03 10:00:24','2024-12-03 10:00:24'),
(46,46,'\0\0\0\0\0\0\0QÌ¸pJ¬X¿kÚî’tb3@','2024-12-03 10:00:24','2024-12-03 10:00:24'),
(47,47,'\0\0\0\0\0\0\0°€K\Z£«X¿R∑≥Ø<p3@','2024-12-03 10:00:24','2024-12-03 10:00:24'),
(48,48,'\0\0\0\0\0\0\0,Ä)«X¿¥;§ m3@','2024-12-03 10:00:24','2024-12-03 10:00:24'),
(49,49,'\0\0\0\0\0\0\0Œ<≥ X¿Ó˛_∫q3@','2024-12-03 10:00:24','2024-12-03 10:00:24'),
(50,50,'\0\0\0\0\0\0\0C˚˝á X¿˙»÷»Ë^3@','2024-12-03 10:00:24','2024-12-03 10:00:24'),
(51,51,'\0\0\0\0\0\0\0I\"íS≈X¿LHîãki3@','2024-12-03 10:00:24','2024-12-03 10:00:24'),
(52,52,'\0\0\0\0\0\0\0†ä∑»X¿˘˜x3@','2024-12-03 10:00:24','2024-12-03 10:00:24'),
(53,53,'\0\0\0\0\0\0\0Z¸û?ÃX¿9î%cJi3@','2024-12-03 10:00:24','2024-12-03 10:00:24'),
(54,54,'\0\0\0\0\0\0\0+õˇx´¬X¿E∑¡˝>Ä3@','2024-12-03 10:00:24','2024-12-03 10:00:24'),
(55,55,'\0\0\0\0\0\0\0æÂe∆X¿U«¶l√p3@','2024-12-03 10:00:24','2024-12-03 10:00:24'),
(56,56,'\0\0\0\0\0\0\0”’ÓL X¿V!Ìòq3@','2024-12-03 10:00:24','2024-12-03 10:00:24'),
(57,57,'\0\0\0\0\0\0\0›í…X¿ûÈÎ\Z©^3@','2024-12-03 10:00:24','2024-12-03 10:00:24'),
(58,58,'\0\0\0\0\0\0\0\'\n¸˙D≈X¿;0%7/h3@','2024-12-03 10:00:24','2024-12-03 10:00:24'),
(59,59,'\0\0\0\0\0\0\00∫ºøX¿Q¯l\\3@','2024-12-03 10:00:24','2024-12-03 10:00:24'),
(60,60,'\0\0\0\0\0\0\0ƒM¸…X¿‘iYŒX3@','2024-12-03 10:00:24','2024-12-03 10:00:24'),
(61,61,'\0\0\0\0\0\0\0C¶\0AŒ»X¿7v‰£ e3@','2024-12-03 10:00:24','2024-12-03 10:00:24'),
(62,62,'\0\0\0\0\0\0\0ùÁ¸“j«X¿À5œ€r3@','2024-12-03 10:00:24','2024-12-03 10:00:24'),
(63,63,'\0\0\0\0\0\0\0x©……X¿IÏa7r3@','2024-12-03 10:00:24','2024-12-03 10:00:24'),
(64,64,'\0\0\0\0\0\0\0ä%˛ãî∆X¿7•ºVBl3@','2024-12-03 10:00:24','2024-12-03 10:00:24'),
(65,65,'\0\0\0\0\0\0\0Ï{˝ﬁ …X¿âŸ£\\3@','2024-12-03 10:00:24','2024-12-03 10:00:24'),
(66,66,'\0\0\0\0\0\0\0sú¸í$∆X¿¶@Íüus3@','2024-12-03 10:00:24','2024-12-03 10:00:24'),
(67,67,'\0\0\0\0\0\0\0q ˝ä»X¿,üaAÃ{3@','2024-12-03 10:00:24','2024-12-03 10:00:24'),
(68,68,'\0\0\0\0\0\0\0˜§˙kEÃX¿¯[“‡l3@','2024-12-03 10:00:24','2024-12-03 10:00:24'),
(69,69,'\0\0\0\0\0\0\0πÎ¯∆X¿ÎÍ»p¿V3@','2024-12-03 10:00:24','2024-12-03 10:00:24'),
(70,70,'\0\0\0\0\0\0\0û≤—ÃX¿^*€,Å3@','2024-12-03 10:00:24','2024-12-03 10:00:24'),
(71,71,'\0\0\0\0\0\0\0Ø¬˚‰G…X¿◊3!9€q3@','2024-12-03 10:00:24','2024-12-03 10:00:24'),
(72,72,'\0\0\0\0\0\0\0qŒ…X¿eQ∑7Ëi3@','2024-12-03 10:00:24','2024-12-03 10:00:24'),
(73,73,'\0\0\0\0\0\0\0\0Í˛ò≥«X¿ˆ4‘Êk3@','2024-12-03 10:00:24','2024-12-03 10:00:24'),
(74,74,'\0\0\0\0\0\0\0Å›˙˙kÀX¿ΩX÷’g3@','2024-12-03 10:00:24','2024-12-03 10:00:24'),
(75,75,'\0\0\0\0\0\0\0å ¬◊ÃX¿,ûz§¡e3@','2024-12-03 10:00:24','2024-12-03 10:00:24'),
(76,76,'\0\0\0\0\0\0\0‚ÇæzΩX¿ïªdπY3@','2024-12-03 10:00:24','2024-12-03 10:00:24'),
(77,77,'\0\0\0\0\0\0\0Z\07¨«X¿Ú“…)lu3@','2024-12-03 10:00:24','2024-12-03 10:00:24'),
(78,78,'\0\0\0\0\0\0\0Æ∏8*7ƒX¿MÖx$^N3@','2024-12-03 10:00:24','2024-12-03 10:00:24'),
(79,79,'\0\0\0\0\0\0\0?~8ú«X¿#õ/ﬁm3@','2024-12-03 10:00:24','2024-12-03 10:00:24'),
(80,80,'\0\0\0\0\0\0\0ñÌCﬁrÃX¿‹Ω‹\'G}3@','2024-12-03 10:00:24','2024-12-03 10:00:24'),
(81,81,'\0\0\0\0\0\0\0uÀÒ»X¿öµêˆg3@','2024-12-03 10:00:24','2024-12-03 10:00:24'),
(82,82,'\0\0\0\0\0\0\0ÀXc¬X¿*ıUÖ3@','2024-12-03 10:00:24','2024-12-03 10:00:24'),
(83,83,'\0\0\0\0\0\0\0)\0pÕ«X¿∆vŒÅ[3@','2024-12-03 10:00:24','2024-12-03 10:00:24'),
(84,84,'\0\0\0\0\0\0\0µ‹ô	Ü…X¿f-§˝3@','2024-12-03 10:00:24','2024-12-03 10:00:24'),
(85,85,'\0\0\0\0\0\0\0ÛX32»ƒX¿‹Ω‹\'GQ3@','2024-12-03 10:00:24','2024-12-03 10:00:24'),
(86,86,'\0\0\0\0\0\0\0àfû\\S«X¿}±˜‚ãn3@','2024-12-03 10:00:24','2024-12-03 10:00:24'),
(87,87,'\0\0\0\0\0\0\0~ÃˇíÒÀX¿u]2mÉb3@','2024-12-03 10:00:24','2024-12-03 10:00:24'),
(88,88,'\0\0\0\0\0\0\0≈π˙o-¬X¿…sø;‡K3@','2024-12-03 10:00:24','2024-12-03 10:00:24'),
(89,89,'\0\0\0\0\0\0\0Ñ∂ˇuÏ¿X¿…ü√kI3@','2024-12-03 10:00:24','2024-12-03 10:00:24'),
(90,90,'\0\0\0\0\0\0\0∂me…X¿¥8∆¬Œo3@','2024-12-03 10:00:24','2024-12-03 10:00:24'),
(91,91,'\0\0\0\0\0\0\0ïK¸¥˛…X¿hjDˆbe3@','2024-12-03 10:00:24','2024-12-03 10:00:24'),
(92,92,'\0\0\0\0\0\0\0≠* ≈X¿ä$ì∂es3@','2024-12-03 10:00:24','2024-12-03 10:00:24'),
(93,93,'\0\0\0\0\0\0\0,∫ıö√X¿3¸ß(|3@','2024-12-03 10:00:24','2024-12-03 10:00:24'),
(94,94,'\0\0\0\0\0\0\0∞kˇÛI«X¿xY-Út3@','2024-12-03 10:00:24','2024-12-03 10:00:24'),
(95,95,'\0\0\0\0\0\0\0Sê∏ÃX¿Ä©éz3@','2024-12-03 10:00:24','2024-12-03 10:00:24'),
(96,96,'\0\0\0\0\0\0\0Œ˙÷ø»X¿ùÈ-7{o3@','2024-12-03 10:00:24','2024-12-03 10:00:24'),
(97,97,'\0\0\0\0\0\0\0g˛……X¿Ì;–Tn3@','2024-12-03 10:00:24','2024-12-03 10:00:24'),
(98,98,'\0\0\0\0\0\0\0BÀ¸õæ»X¿;–Zóf3@','2024-12-03 10:00:24','2024-12-03 10:00:24'),
(99,99,'\0\0\0\0\0\0\0¬b˝4Ë…X¿]¡ôÖ}3@','2024-12-03 10:00:24','2024-12-03 10:00:24'),
(100,100,'\0\0\0\0\0\0\0≈Q˚•,…X¿ÁcÎ◊•k3@','2024-12-03 10:00:24','2024-12-03 10:00:24'),
(101,101,'\0\0\0\0\0\0\0œ˝iÇæX¿ØNcµÿ[3@','2024-12-03 10:00:24','2024-12-03 10:00:24'),
(102,102,'\0\0\0\0\0\0\0¿˛“ˇ»X¿ì1%/æo3@','2024-12-03 10:00:24','2024-12-03 10:00:24'),
(103,103,'\0\0\0\0\0\0\0U¬z˝»X¿t±3Öz3@','2024-12-03 10:00:24','2024-12-03 10:00:24'),
(104,104,'\0\0\0\0\0\0\0HºÚa¿X¿⁄ñ?]3@','2024-12-03 10:00:24','2024-12-03 10:00:24'),
(105,105,'\0\0\0\0\0\0\0v«ˇpŸ…X¿Ú\0˝[Up3@','2024-12-03 10:00:24','2024-12-03 10:00:24'),
(106,106,'\0\0\0\0\0\0\0Ø∆Ù5ÃX¿7\'ˆÒn3@','2024-12-03 10:00:24','2024-12-03 10:00:24'),
(107,107,'\0\0\0\0\0\0\0€ê∆X¿ï∏éq≈S3@','2024-12-03 10:00:24','2024-12-03 10:00:24'),
(108,108,'\0\0\0\0\0\0\0q<üı»X¿–‘ÎÅq3@','2024-12-03 10:00:24','2024-12-03 10:00:24'),
(109,109,'\0\0\0\0\0\0\0e±ùø∆X¿¥)\rÎ|s3@','2024-12-03 10:00:24','2024-12-03 10:00:24'),
(110,110,'\0\0\0\0\0\0\0=|ô(B«X¿=Úœe3@','2024-12-03 10:00:24','2024-12-03 10:00:24'),
(111,111,'\0\0\0\0\0\0\0és˛öÍ X¿åìêÇÜ\\3@','2024-12-03 10:00:24','2024-12-03 10:00:24'),
(112,112,'\0\0\0\0\0\0\0(D>f X¿sÉ„*˝|3@','2024-12-03 10:00:24','2024-12-03 10:00:24'),
(113,113,'\0\0\0\0\0\0\02ˇ*ô»X¿\0*“|3@','2024-12-03 10:00:24','2024-12-03 10:00:24'),
(114,114,'\0\0\0\0\0\0\0aLÌÒÀX¿{xCÿ¯f3@','2024-12-03 10:00:24','2024-12-03 10:00:24'),
(115,115,'\0\0\0\0\0\0\0-ÃX¿/…˘IR`3@','2024-12-03 10:00:24','2024-12-03 10:00:24'),
(116,116,'\0\0\0\0\0\0\0J)Ëˆí≈X¿“ˇr-Zl3@','2024-12-03 10:00:24','2024-12-03 10:00:24'),
(117,117,'\0\0\0\0\0\0\0} ˝ı¬X¿ÇÚT•L3@','2024-12-03 10:00:24','2024-12-03 10:00:24'),
(118,118,'\0\0\0\0\0\0\0´^~ß…ƒX¿‚ÁøØY3@','2024-12-03 10:00:24','2024-12-03 10:00:24'),
(119,119,'\0\0\0\0\0\0\0l•\0Êî∆X¿?qc\'zh3@','2024-12-03 10:00:24','2024-12-03 10:00:24'),
(120,120,'\0\0\0\0\0\0\0p⁄\0*‰…X¿∑ c¯l3@','2024-12-03 10:00:24','2024-12-03 10:00:24'),
(121,121,'\0\0\0\0\0\0\0B	3mˇ∆X¿h$B#ÿ`3@','2024-12-03 10:00:24','2024-12-03 10:00:24'),
(122,122,'\0\0\0\0\0\0\0úÌ˙öﬂ∆X¿¯\"±x_3@','2024-12-03 10:00:24','2024-12-03 10:00:24'),
(123,123,'\0\0\0\0\0\0\0OˇxƒX¿ÎGXéog3@','2024-12-03 10:00:24','2024-12-03 10:00:24'),
(124,124,'\0\0\0\0\0\0\0AªnØ…X¿œ+‡ñv\\3@','2024-12-03 10:00:24','2024-12-03 10:00:24'),
(125,125,'\0\0\0\0\0\0\0=·¸∏É»X¿}[ÚpÈl3@','2024-12-03 10:00:24','2024-12-03 10:00:24'),
(126,126,'\0\0\0\0\0\0\0Û¢i˜¬X¿∆hÄ}3@','2024-12-03 10:00:24','2024-12-03 10:00:24'),
(127,127,'\0\0\0\0\0\0\0‘)èn»X¿¶cŒ3ˆy3@','2024-12-03 10:00:24','2024-12-03 10:00:24'),
(128,128,'\0\0\0\0\0\0\0˘¸jÌ X¿sZl3@','2024-12-03 10:00:24','2024-12-03 10:00:24'),
(129,129,'\0\0\0\0\0\0\0?∫4D…X¿XˆM/kZ3@','2024-12-03 10:00:24','2024-12-03 10:00:24'),
(130,130,'\0\0\0\0\0\0\07ßí†«X¿ﬂ7æˆÃ~3@','2024-12-03 10:00:24','2024-12-03 10:00:24'),
(131,131,'\0\0\0\0\0\0\0ìËÍè«X¿¡tZ∑A{3@','2024-12-03 10:00:24','2024-12-03 10:00:24'),
(132,132,'\0\0\0\0\0\0\0˝6˛# X¿Wˆﬂ÷^3@','2024-12-03 10:00:24','2024-12-03 10:00:24'),
(133,133,'\0\0\0\0\0\0\0x¸\nßÀX¿Ei-‘≥i3@','2024-12-03 10:00:24','2024-12-03 10:00:24'),
(134,134,'\0\0\0\0\0\0\0Tj˛±Û»X¿u5?a3@','2024-12-03 10:00:24','2024-12-03 10:00:24'),
(135,135,'\0\0\0\0\0\0\0Ã‘jZ»X¿æ7üùÄv3@','2024-12-03 10:00:24','2024-12-03 10:00:24'),
(136,136,'\0\0\0\0\0\0\0D–ÂÃX¿—„ú}ä\\3@','2024-12-03 10:00:24','2024-12-03 10:00:24'),
(137,137,'\0\0\0\0\0\0\0ŸˇÁçÀX¿óµ‚UµX3@','2024-12-03 10:00:24','2024-12-03 10:00:24'),
(138,138,'\0\0\0\0\0\0\0eéc»X¿q§˘Ñhq3@','2024-12-03 10:00:24','2024-12-03 10:00:24'),
(139,139,'\0\0\0\0\0\0\0sD\0hª√X¿ HÊ&§M3@','2024-12-03 10:00:24','2024-12-03 10:00:24'),
(140,140,'\0\0\0\0\0\0\0ÉËˇ˙¬X¿tlƒd3@','2024-12-03 10:00:24','2024-12-03 10:00:24'),
(141,141,'\0\0\0\0\0\0\0ﬁû¥p»X¿\'/2øn3@','2024-12-03 10:00:24','2024-12-03 10:00:24'),
(142,142,'\0\0\0\0\0\0\0j~Œ≈X¿¬∏Ñj3@','2024-12-03 10:00:24','2024-12-03 10:00:24'),
(143,143,'\0\0\0\0\0\0\0$q¸‚ÀX¿™¥ÊC\'d3@','2024-12-03 10:00:24','2024-12-03 10:00:24'),
(144,144,'\0\0\0\0\0\0\0êk©&ÃX¿eK=®x3@','2024-12-03 10:00:24','2024-12-03 10:00:24'),
(145,145,'\0\0\0\0\0\0\0ƒNﬂ»X¿pøS31c3@','2024-12-03 10:00:24','2024-12-03 10:00:24'),
(146,146,'\0\0\0\0\0\0\0àıëû∆X¿#q®B∞o3@','2024-12-03 10:00:24','2024-12-03 10:00:24'),
(147,147,'\0\0\0\0\0\0\0 ˇnÀX¿O”Ä§_3@','2024-12-03 10:00:24','2024-12-03 10:00:24'),
(148,148,'\0\0\0\0\0\0\0ƒÉ˚;:ÀX¿™£UêZ3@','2024-12-03 10:00:24','2024-12-03 10:00:24'),
(149,149,'\0\0\0\0\0\0\0ÈEÌ~≈X¿∆l…™[3@','2024-12-03 10:00:24','2024-12-03 10:00:24'),
(150,150,'\0\0\0\0\0\0\0?≠˝¯&«X¿‹ùÍv3@','2024-12-03 10:00:24','2024-12-03 10:00:24'),
(151,151,'\0\0\0\0\0\0\08m\0“√X¿∆h°çÒe3@','2024-12-03 10:00:24','2024-12-03 10:00:24'),
(152,152,'\0\0\0\0\0\0\0DÑJò»X¿˛πh»xj3@','2024-12-03 10:00:24','2024-12-03 10:00:24'),
(153,153,'\0\0\0\0\0\0\0a˛#6…X¿é8¶ªi3@','2024-12-03 10:00:24','2024-12-03 10:00:24'),
(154,154,'\0\0\0\0\0\0\0ß<¸-Ë¡X¿›$äπ9á3@','2024-12-03 10:00:24','2024-12-03 10:00:24'),
(155,155,'\0\0\0\0\0\0\07√\r¯¸ÃX¿‰g#◊Mu3@','2024-12-03 10:00:24','2024-12-03 10:00:24'),
(156,156,'\0\0\0\0\0\0\0ŒJˇ7¡X¿LËew_3@','2024-12-03 10:00:24','2024-12-03 10:00:24'),
(157,157,'\0\0\0\0\0\0\0Ym˛_5 X¿Aç1fa3@','2024-12-03 10:00:24','2024-12-03 10:00:24'),
(158,158,'\0\0\0\0\0\0\08€‹òûÀX¿æº\0˚Ët3@','2024-12-03 10:00:24','2024-12-03 10:00:24'),
(159,159,'\0\0\0\0\0\0\0ù‘˙œÿ≈X¿?qc\'zh3@','2024-12-03 10:00:24','2024-12-03 10:00:24'),
(160,160,'\0\0\0\0\0\0\0.T˛µºÕX¿k∏»=]u3@','2024-12-03 10:00:24','2024-12-03 10:00:24'),
(161,161,'\0\0\0\0\0\0\0£Ó˚“»X¿∫—äm3@','2024-12-03 10:00:24','2024-12-03 10:00:24'),
(162,162,'\0\0\0\0\0\0\0ÆG·z√X¿Å?¸¸˜x3@','2024-12-03 10:00:24','2024-12-03 10:00:24'),
(163,163,'\0\0\0\0\0\0\0}ˇΩ»X¿dù\"nÎl3@','2024-12-03 10:00:24','2024-12-03 10:00:24');

UNLOCK TABLES;

/*Table structure for table `stations` */

DROP TABLE IF EXISTS `stations`;

CREATE TABLE `stations` (
  `id` bigint(20) unsigned NOT NULL AUTO_INCREMENT,
  `name` varchar(50) NOT NULL,
  `created_at` timestamp NOT NULL DEFAULT current_timestamp(),
  `updated_at` timestamp NOT NULL DEFAULT current_timestamp() ON UPDATE current_timestamp(),
  PRIMARY KEY (`id`)
) ENGINE=InnoDB AUTO_INCREMENT=167 DEFAULT CHARSET=utf8mb4 COLLATE=utf8mb4_unicode_ci;

/*Data for the table `stations` */

LOCK TABLES `stations` WRITE;

insert  into `stations`(`id`,`name`,`created_at`,`updated_at`) values 
(1,'L√°zaro C√°rdenas','2024-11-28 09:26:11','2024-11-28 09:26:11'),
(2,'Ferre√≠a','2024-11-28 09:26:11','2024-11-28 10:43:55'),
(3,'Pantitl√°n','2024-11-28 09:26:11','2024-11-28 11:06:19'),
(4,'Tacuba','2024-11-28 09:26:11','2024-11-28 11:10:19'),
(5,'Mart√≠n Carrera','2024-11-28 09:26:11','2024-11-28 11:13:51'),
(6,'Santa Anita','2024-11-28 09:26:11','2024-11-28 09:26:11'),
(7,'Villa de Arag√≥n','2024-11-28 09:26:11','2024-11-28 09:26:11'),
(8,'Tezoz√≥moc','2024-11-28 09:26:11','2024-11-28 09:26:11'),
(9,'Tecnol√≥gico','2024-11-28 09:26:11','2024-11-28 09:26:11'),
(10,'Colegio Militar','2024-11-28 09:26:11','2024-11-28 09:26:11'),
(11,'Chapultepec','2024-11-28 09:26:11','2024-11-28 09:26:11'),
(12,'Calle 11','2024-11-28 09:26:11','2024-11-28 09:26:11'),
(13,'Constituci√≥n de 1917','2024-11-28 09:26:11','2024-11-28 09:26:11'),
(14,'Copilco','2024-11-28 09:26:11','2024-11-28 09:26:11'),
(15,'Talism√°n','2024-11-28 09:26:11','2024-11-28 09:26:11'),
(16,'Terminal A√©rea','2024-11-28 09:26:11','2024-11-28 09:26:11'),
(17,'Tepito','2024-11-28 09:26:11','2024-11-28 09:26:11'),
(18,'Hospital 20 de Nov.','2024-11-28 09:26:11','2024-11-28 09:26:11'),
(19,'Eugenia','2024-11-28 09:26:11','2024-11-28 09:26:11'),
(20,'Lomas Estrella','2024-11-28 09:26:11','2024-11-28 09:26:11'),
(21,'Tlatelolco','2024-11-28 09:26:11','2024-11-28 09:26:11'),
(22,'Atlalilco','2024-11-28 09:26:11','2024-11-28 09:26:11'),
(23,'Blvd. Puerto A√©reo','2024-11-28 09:26:11','2024-11-28 09:26:11'),
(24,'Chilpancingo','2024-11-28 09:26:11','2024-11-28 09:26:11'),
(25,'Ciudad Azteca','2024-11-28 09:26:11','2024-11-28 09:26:11'),
(26,'Ni√±os H√©roes','2024-11-28 09:26:11','2024-11-28 09:26:11'),
(27,'Popotla','2024-11-28 09:26:11','2024-11-28 09:26:11'),
(28,'San Joaqu√≠n','2024-11-28 09:26:11','2024-11-28 09:26:11'),
(29,'Universidad','2024-11-28 09:26:11','2024-11-28 09:26:11'),
(30,'Instituto del Petr√≥leo','2024-11-28 09:26:11','2024-11-28 09:26:11'),
(31,'Escuadr√≥n 201','2024-11-28 09:26:11','2024-11-28 09:26:11'),
(32,'Iztacalco','2024-11-28 09:26:11','2024-11-28 09:26:11'),
(33,'Ju√°rez','2024-11-28 09:26:11','2024-11-28 09:26:11'),
(34,'Chabacano','2024-11-28 09:26:11','2024-11-28 09:26:11'),
(35,'Azcapotzalco','2024-11-28 09:26:11','2024-11-28 09:26:11'),
(36,'Bosque de Arag√≥n','2024-11-28 09:26:11','2024-11-28 09:26:11'),
(37,'Tlaltenco','2024-11-28 09:26:11','2024-11-28 09:26:11'),
(38,'Jamaica','2024-11-28 09:26:11','2024-11-28 09:26:11'),
(39,'Ocean√≠a','2024-11-28 09:26:11','2024-11-28 09:26:11'),
(40,'Iztapalapa','2024-11-28 09:26:11','2024-11-28 09:26:11'),
(41,'Mixhuca','2024-11-28 09:26:11','2024-11-28 09:26:11'),
(42,'Centro M√©dico','2024-11-28 09:26:11','2024-11-28 09:26:11'),
(43,'Balderas','2024-11-28 09:26:11','2024-11-28 09:26:11'),
(44,'Salto del Agua','2024-11-28 09:26:11','2024-11-28 09:26:11'),
(45,'Insurgentes','2024-11-28 09:26:11','2024-11-28 09:26:11'),
(46,'Guelatao','2024-11-28 09:26:11','2024-11-28 09:26:11'),
(47,'Morelos','2024-11-28 09:26:11','2024-11-28 09:26:11'),
(48,'Moctezuma','2024-11-28 09:26:11','2024-11-28 09:26:11'),
(49,'Normal','2024-11-28 09:26:11','2024-11-28 09:26:11'),
(50,'Zapata','2024-11-28 09:26:11','2024-11-28 09:26:11'),
(51,'Zaragoza','2024-11-28 09:26:11','2024-11-28 09:26:11'),
(52,'La Raza','2024-11-28 09:26:11','2024-11-28 09:26:11'),
(53,'Constituyentes','2024-11-28 09:26:11','2024-11-28 09:26:11'),
(54,'M√∫zquiz','2024-11-28 09:26:11','2024-11-28 09:26:11'),
(55,'Romero Rubio','2024-11-28 09:26:11','2024-11-28 09:26:11'),
(56,'San Cosme','2024-11-28 09:26:11','2024-11-28 09:26:11'),
(57,'Portales','2024-11-28 09:26:11','2024-11-28 09:26:11'),
(58,'Puebla','2024-11-28 09:26:11','2024-11-28 09:26:11'),
(59,'Santa Marta','2024-11-28 09:26:11','2024-11-28 09:26:11'),
(60,'Tasque√±a','2024-11-28 09:26:11','2024-11-28 09:26:11'),
(61,'Xola','2024-11-28 09:26:11','2024-11-28 09:26:11'),
(62,'Canal del Norte','2024-11-28 09:26:11','2024-11-28 09:26:11'),
(63,'Buenavista','2024-11-28 09:26:11','2024-11-28 09:26:11'),
(64,'Balbuena','2024-11-28 09:26:11','2024-11-28 09:26:11'),
(65,'Ermita','2024-11-28 09:26:11','2024-11-28 09:26:11'),
(66,'Arag√≥n','2024-11-28 09:26:11','2024-11-28 09:26:11'),
(67,'Deportivo 18 de Marzo','2024-11-28 09:26:11','2024-11-28 09:26:11'),
(68,'Auditorio','2024-11-28 09:26:11','2024-11-28 09:26:11'),
(69,'Culhuac√°n','2024-11-28 09:26:11','2024-11-28 09:26:11'),
(70,'El Rosario','2024-11-28 09:26:11','2024-11-28 09:26:11'),
(71,'Guerrero','2024-11-28 09:26:11','2024-11-28 09:26:11'),
(72,'Hospital General','2024-11-28 09:26:11','2024-11-28 09:26:11'),
(73,'Fray Servando','2024-11-28 09:26:11','2024-11-28 09:26:11'),
(74,'Patriotismo','2024-11-28 09:26:11','2024-11-28 09:26:11'),
(75,'Observatorio','2024-11-28 09:26:11','2024-11-28 09:26:11'),
(76,'La Paz','2024-11-28 09:26:11','2024-11-28 09:26:11'),
(77,'Valle G√≥mez','2024-11-28 09:26:11','2024-11-28 09:26:11'),
(78,'Tezonco','2024-11-28 09:26:11','2024-11-28 09:26:11'),
(79,'Candelaria','2024-11-28 09:26:11','2024-11-28 09:26:11'),
(80,'Aquiles Serd√°n','2024-11-28 09:26:11','2024-11-28 09:26:11'),
(81,'La Viga','2024-11-28 09:26:11','2024-11-28 09:26:11'),
(82,'Ol√≠mpica','2024-11-28 09:26:11','2024-11-28 09:26:11'),
(83,'Mexicaltzingo','2024-11-28 09:26:11','2024-11-28 09:26:11'),
(84,'Polit√©cnico','2024-11-28 09:26:11','2024-11-28 09:26:11'),
(85,'Perif√©rico Ote','2024-11-28 09:26:11','2024-11-28 09:26:11'),
(86,'San L√°zaro','2024-11-28 09:26:11','2024-11-28 09:26:11'),
(87,'San Antonio','2024-11-28 09:26:11','2024-11-28 09:26:11'),
(88,'Zapotitl√°n','2024-11-28 09:26:11','2024-11-28 09:26:11'),
(89,'Tl√°huac','2024-11-28 09:26:11','2024-11-28 09:26:11'),
(90,'Hidalgo','2024-11-28 09:26:11','2024-11-28 09:26:11'),
(91,'Etiop√≠a / Plaza de la Transpatencia','2024-11-28 09:26:11','2024-11-28 09:26:11'),
(92,'Deportivo Ocean√≠a','2024-11-28 09:26:11','2024-11-28 09:26:11'),
(93,'Impulsora','2024-11-28 09:26:11','2024-11-28 09:26:11'),
(94,'Consulado','2024-11-28 09:26:11','2024-11-28 09:26:11'),
(95,'Camarones','2024-11-28 09:26:11','2024-11-28 09:26:11'),
(96,'Allende','2024-11-28 09:26:11','2024-11-28 09:26:11'),
(97,'San Juan de Letr√°n','2024-11-28 09:26:11','2024-11-28 09:26:11'),
(98,'Viaducto','2024-11-28 09:26:11','2024-11-28 09:26:11'),
(99,'Vallejo','2024-11-28 09:26:11','2024-11-28 09:26:11'),
(100,'Doctores','2024-11-28 09:26:11','2024-11-28 09:26:11'),
(101,'Los Reyes','2024-11-28 09:26:11','2024-11-28 09:26:11'),
(102,'Bellas Artes','2024-11-28 09:26:11','2024-11-28 09:26:11'),
(103,'Autobuses del Norte','2024-11-28 09:26:11','2024-11-28 09:26:11'),
(104,'Acatitla','2024-11-28 09:26:11','2024-11-28 09:26:11'),
(105,'Revoluci√≥n','2024-11-28 09:26:11','2024-11-28 09:26:11'),
(106,'Polanco','2024-11-28 09:26:11','2024-11-28 09:26:11'),
(107,'San Andr√©s Tomatl√°n','2024-11-28 09:26:11','2024-11-28 09:26:11'),
(108,'Garibaldi','2024-11-28 09:26:11','2024-11-28 09:26:11'),
(109,'Eduardo Molina','2024-11-28 09:26:11','2024-11-28 09:26:11'),
(110,'Coyuya','2024-11-28 09:26:11','2024-11-28 09:26:11'),
(111,'Coyoac√°n','2024-11-28 09:26:11','2024-11-28 09:26:11'),
(112,'Norte 45','2024-11-28 09:26:11','2024-11-28 09:26:11'),
(113,'Lindavista','2024-11-28 09:26:11','2024-11-28 09:26:11'),
(114,'Tacubaya','2024-11-28 09:26:11','2024-11-28 09:26:11'),
(115,'Mixcoac','2024-11-28 09:26:11','2024-11-28 09:26:11'),
(116,'Hangares','2024-11-28 09:26:11','2024-11-28 09:26:11'),
(117,'Nopalera','2024-11-28 09:26:11','2024-11-28 09:26:11'),
(118,'UAM-I','2024-11-28 09:26:11','2024-11-28 09:26:11'),
(119,'Vel√≥dromo','2024-11-28 09:26:11','2024-11-28 09:26:11'),
(120,'Cuauht√©moc','2024-11-28 09:26:11','2024-11-28 09:26:11'),
(121,'Apatlaco','2024-11-28 09:26:11','2024-11-28 09:26:11'),
(122,'Aculco','2024-11-28 09:26:11','2024-11-28 09:26:11'),
(123,'Agr√≠cola Oriental','2024-11-28 09:26:11','2024-11-28 09:26:11'),
(124,'Eje Central','2024-11-28 09:26:11','2024-11-28 09:26:11'),
(125,'Pino Su√°rez','2024-11-28 09:26:11','2024-11-28 09:26:11'),
(126,'R√≠o de los Remedios','2024-11-28 09:26:11','2024-11-28 09:26:11'),
(127,'Potrero','2024-11-28 09:26:11','2024-11-28 09:26:11'),
(128,'Sevilla','2024-11-28 09:26:11','2024-11-28 09:26:11'),
(129,'General Anaya','2024-11-28 09:26:11','2024-11-28 09:26:11'),
(130,'Indios Verdes','2024-11-28 09:26:11','2024-11-28 09:26:11'),
(131,'La Villa - Bas√≠lica','2024-11-28 09:26:11','2024-11-28 09:26:11'),
(132,'Parque de los Venados','2024-11-28 09:26:11','2024-11-28 09:26:11'),
(133,'Juanacatl√°n','2024-11-28 09:26:11','2024-11-28 09:26:11'),
(134,'Nativitas','2024-11-28 09:26:11','2024-11-28 09:26:11'),
(135,'Misterios','2024-11-28 09:26:11','2024-11-28 09:26:11'),
(136,'Barranca del Muerto','2024-11-28 09:26:11','2024-11-28 09:26:11'),
(137,'Miguel √Ångel de Quevedo','2024-11-28 09:26:11','2024-11-28 09:26:11'),
(138,'Lagunilla','2024-11-28 09:26:11','2024-11-28 09:26:11'),
(139,'Olivos','2024-11-28 09:26:11','2024-11-28 09:26:11'),
(140,'Tepalcates','2024-11-28 09:26:11','2024-11-28 09:26:11'),
(141,'Z√≥calo','2024-11-28 09:26:11','2024-11-28 09:26:11'),
(142,'G√≥mez Far√≠as','2024-11-28 09:26:11','2024-11-28 09:26:11'),
(143,'San Pedro de Los Pinos','2024-11-28 09:26:11','2024-11-28 09:26:11'),
(144,'Refiner√≠a','2024-11-28 09:26:11','2024-11-28 09:26:11'),
(145,'Villa de Cort√©s','2024-11-28 09:26:11','2024-11-28 09:26:11'),
(146,'R. Flores Mag√≥n','2024-11-28 09:26:11','2024-11-28 09:26:11'),
(147,'Insurgentes Sur','2024-11-28 09:26:11','2024-11-28 09:26:11'),
(148,'Viveros','2024-11-28 09:26:11','2024-11-28 09:26:11'),
(149,'Cerro de la Estrella','2024-11-28 09:26:11','2024-11-28 09:26:11'),
(150,'Bondojito','2024-11-28 09:26:11','2024-11-28 09:26:11'),
(151,'Canal de San Juan','2024-11-28 09:26:11','2024-11-28 09:26:11'),
(152,'San Antonio Abad','2024-11-28 09:26:11','2024-11-28 09:26:11'),
(153,'Obrera','2024-11-28 09:26:11','2024-11-28 09:26:11'),
(154,'Plaza Arag√≥n','2024-11-28 09:26:11','2024-11-28 09:26:11'),
(155,'Panteones','2024-11-28 09:26:11','2024-11-28 09:26:11'),
(156,'Pe√±√≥n Viejo','2024-11-28 09:26:11','2024-11-28 09:26:11'),
(157,'Divisi√≥n del Norte','2024-11-28 09:26:11','2024-11-28 09:26:11'),
(158,'Cuitl√°huac','2024-11-28 09:26:11','2024-11-28 09:26:11'),
(159,'Ciudad Deportiva','2024-11-28 09:26:11','2024-11-28 09:26:11'),
(160,'Cuatro Caminos','2024-11-28 09:26:11','2024-11-28 09:26:11'),
(161,'Isabel la Cat√≥lica','2024-11-28 09:26:11','2024-11-28 09:26:11'),
(162,'Nezahualc√≥yotl','2024-11-28 09:26:11','2024-11-28 09:26:11'),
(163,'Merced','2024-11-28 09:26:11','2024-11-28 09:26:11');

UNLOCK TABLES;

/*Table structure for table `trains` */

DROP TABLE IF EXISTS `trains`;

CREATE TABLE `trains` (
  `serial_number` varchar(10) NOT NULL,
  `line_id` bigint(20) unsigned NOT NULL,
  `type` tinyint(4) NOT NULL,
  `year` int(4) NOT NULL,
  `created_at` timestamp NOT NULL DEFAULT current_timestamp(),
  `updated_at` timestamp NOT NULL DEFAULT current_timestamp() ON UPDATE current_timestamp(),
  PRIMARY KEY (`serial_number`),
  KEY `trains_line_id_foregin` (`line_id`),
  CONSTRAINT `trains_line_id_foregin` FOREIGN KEY (`line_id`) REFERENCES `lines` (`id`)
) ENGINE=InnoDB DEFAULT CHARSET=utf8mb4 COLLATE=utf8mb4_unicode_ci;

/*Data for the table `trains` */

LOCK TABLES `trains` WRITE;

insert  into `trains`(`serial_number`,`line_id`,`type`,`year`,`created_at`,`updated_at`) values 
('0JFxafE4q8',1,1,1963,'2024-11-28 09:43:35','2024-11-28 09:43:35'),
('2e5v4FHs0T',3,2,1984,'2024-11-28 09:43:35','2024-11-28 09:43:35'),
('5xPdsZ1x9L',3,2,1948,'2024-11-28 09:43:35','2024-11-28 09:43:35'),
('7csbz2qteT',1,1,1971,'2024-11-28 09:43:35','2024-11-28 09:43:35'),
('8PwCI0CC6n',4,1,1990,'2024-11-28 09:43:35','2024-11-28 09:43:35'),
('9ilxeEwlnH',4,2,1994,'2024-11-28 09:43:35','2024-11-28 09:43:35'),
('aWDpmlRsOG',4,2,1998,'2024-11-28 09:43:35','2024-11-28 09:43:35'),
('ax5jrpNIWG',4,2,1952,'2024-11-28 09:43:35','2024-11-28 09:43:35'),
('B83fPCVFbH',1,1,1990,'2024-11-28 09:43:35','2024-11-28 09:43:35'),
('Bv1MN0DuUm',2,2,1952,'2024-11-28 09:43:35','2024-11-28 09:43:35'),
('D9m2gBhBJw',2,1,1969,'2024-11-28 09:43:35','2024-11-28 09:43:35'),
('EDUumFCvJl',2,1,1967,'2024-11-28 09:43:35','2024-11-28 09:43:35'),
('ejN3a4CsDC',3,2,1997,'2024-11-28 09:43:35','2024-11-28 09:43:35'),
('f49Bk0GzBi',4,2,1967,'2024-11-28 09:43:35','2024-11-28 09:43:35'),
('Ge92a6hVX8',3,2,1967,'2024-11-28 09:43:35','2024-11-28 09:43:35'),
('Huz9yGcao5',2,1,1980,'2024-11-28 09:43:35','2024-11-28 09:43:35'),
('Hvhw9vxUaH',3,1,1983,'2024-11-28 09:43:35','2024-11-28 09:43:35'),
('JO5UinVh7B',2,1,1956,'2024-11-28 09:43:35','2024-11-28 09:43:35'),
('MPbPGQfWxT',2,2,1982,'2024-11-28 09:43:35','2024-11-28 09:43:35'),
('mS0SY0eScA',3,2,1986,'2024-11-28 09:43:35','2024-11-28 09:43:35'),
('oCut3fDYXE',3,2,1987,'2024-11-28 09:43:35','2024-11-28 09:43:35'),
('oRyT0nwjUn',2,1,1988,'2024-11-28 09:43:35','2024-11-28 09:43:35'),
('OtmhQxSRpS',3,2,1956,'2024-11-28 09:43:35','2024-11-28 09:43:35'),
('Pazz9JGCbJ',1,2,1988,'2024-11-28 09:43:35','2024-11-28 09:43:35'),
('pBnf2N5Ncc',4,1,1981,'2024-11-28 09:43:35','2024-11-28 09:43:35'),
('pMldxCQ2sS',3,1,1984,'2024-11-28 09:43:35','2024-11-28 09:43:35'),
('q92m0d8aWM',1,1,1979,'2024-11-28 09:43:35','2024-11-28 09:43:35'),
('QJ22USb3ry',2,1,1949,'2024-11-28 09:43:35','2024-11-28 09:43:35'),
('rnpVQQPs5b',4,1,1984,'2024-11-28 09:43:35','2024-11-28 09:43:35'),
('S06Q7kXYrP',1,1,1990,'2024-11-28 09:43:35','2024-11-28 09:43:35'),
('s0QypBy7cJ',2,2,1958,'2024-11-28 09:43:35','2024-11-28 09:43:35'),
('S6R4dX4THI',2,2,1994,'2024-11-28 09:43:35','2024-11-28 09:43:35'),
('t8HhPpvYbU',1,2,1996,'2024-11-28 09:43:35','2024-11-28 09:43:35'),
('U9xuOQl3kh',3,1,1982,'2024-11-28 09:43:35','2024-11-28 09:43:35'),
('uibQ7F5VE7',4,1,1961,'2024-11-28 09:43:35','2024-11-28 09:43:35'),
('Uj5G2Bodtk',4,2,1985,'2024-11-28 09:43:35','2024-11-28 09:43:35'),
('VjPElNnH29',3,2,1964,'2024-11-28 09:43:35','2024-11-28 09:43:35'),
('vOv1sCgHoa',1,1,1947,'2024-11-28 09:43:35','2024-11-28 09:43:35'),
('VViBQInzq3',4,2,1959,'2024-11-28 09:43:35','2024-11-28 09:43:35'),
('wGweNe36QH',1,2,1987,'2024-11-28 09:43:35','2024-11-28 09:43:35'),
('Wh09mwE4yn',4,1,1968,'2024-11-28 09:43:35','2024-11-28 09:43:35'),
('XE89MYo0IU',3,1,1986,'2024-11-28 09:43:35','2024-11-28 09:43:35'),
('Z5qAgGpFTj',1,1,1971,'2024-11-28 09:43:35','2024-11-28 09:43:35'),
('ZbX2yY5Wyz',1,2,1966,'2024-11-28 09:43:35','2024-11-28 09:43:35'),
('zeaEgOCuYl',2,2,1997,'2024-11-28 09:43:35','2024-11-28 09:43:35'),
('ZHA4kQokXG',2,1,1977,'2024-11-28 09:43:35','2024-11-28 09:43:35'),
('zpO3I3tS4e',1,2,1995,'2024-11-28 09:43:35','2024-11-28 09:43:35'),
('zpYnPq7vmN',4,2,1976,'2024-11-28 09:43:35','2024-11-28 09:43:35');

UNLOCK TABLES;

/* Trigger structure for table `drivers` */

DELIMITER $$

/*!50003 DROP TRIGGER*//*!50032 IF EXISTS */ /*!50003 `update_active_drivers` */$$

/*!50003 CREATE */ /*!50017 DEFINER = 'carlos'@'localhost' */ /*!50003 TRIGGER `update_active_drivers` AFTER UPDATE ON `drivers` FOR EACH ROW 
BEGIN

    IF NEW.status = 1 THEN
        INSERT INTO `active_drivers` (driver_id) VALUES (NEW.id);
    ELSE
        DELETE FROM `active_drivers` WHERE driver_id = NEW.id;
    END IF;

END */$$


DELIMITER ;

/* Trigger structure for table `lines` */

DELIMITER $$

/*!50003 DROP TRIGGER*//*!50032 IF EXISTS */ /*!50003 `update_updated_at_field` */$$

/*!50003 CREATE */ /*!50017 DEFINER = 'carlos'@'localhost' */ /*!50003 TRIGGER `update_updated_at_field` BEFORE UPDATE ON `lines` FOR EACH ROW 
SET NEW.updatad_at = NOW() */$$


DELIMITER ;

/* Procedure structure for procedure `calculate_distance_between_lines` */

/*!50003 DROP PROCEDURE IF EXISTS  `calculate_distance_between_lines` */;

DELIMITER $$

/*!50003 CREATE DEFINER=`carlos`@`localhost` PROCEDURE `calculate_distance_between_lines`(
	in station_one point,
	in station_two point,
	in meters boolean
)
begin
	if meters then
		select
		ST_Distance_Sphere(station_one, station_two) as distances;
	else
		select
		st_distance_sphere(station_one, station_two) / 1000 as distances;
	end if;
end */$$
DELIMITER ;

/* Procedure structure for procedure `get_line_stations` */

/*!50003 DROP PROCEDURE IF EXISTS  `get_line_stations` */;

DELIMITER $$

/*!50003 CREATE DEFINER=`carlos`@`localhost` PROCEDURE `get_line_stations`(
  IN line_name VARCHAR(15)
)
BEGIN
  -- Declarar una variable para almacenar el ID de la l√≠nea
  DECLARE line_id BIGINT;

  -- Obtener el ID de la l√≠nea con base en su nombre
  SELECT id
  INTO line_id
  FROM `lines`
  WHERE `name` COLLATE utf8mb4_unicode_ci = line_name;

  -- Validar si se encontr√≥ un ID para la l√≠nea
  IF line_id IS NULL THEN
    SIGNAL SQLSTATE '45000'
    SET MESSAGE_TEXT = 'La l√≠nea especificada no existe.';
  ELSE
    -- Generar y ejecutar la consulta din√°mica
    SET @sql = CONCAT(
      'SELECT ',
      '`lines_stations`.`id` AS relation_id, ',
      '`lines`.`name` AS line_name, ',
      '`stations`.`name` AS station_name ',
      'FROM `lines_stations` ',
      'INNER JOIN `stations` ',
      'ON `stations`.`id` = `lines_stations`.`station_id` ',
      'INNER JOIN `lines` ',
      'ON `lines`.`id` = `lines_stations`.`line_id` ',
      'WHERE `lines_stations`.`line_id` = ', line_id
    );

    PREPARE stmt FROM @sql;
    EXECUTE stmt;
    DEALLOCATE PREPARE stmt;
  END IF;
END */$$
DELIMITER ;

/* Procedure structure for procedure `test` */

/*!50003 DROP PROCEDURE IF EXISTS  `test` */;

DELIMITER $$

/*!50003 CREATE DEFINER=`carlos`@`localhost` PROCEDURE `test`(
  IN station_name_one VARCHAR(50),
  IN station_name_two VARCHAR(50),
  IN is_kilometers BOOLEAN
)
BEGIN
  DECLARE location_one POINT;
  DECLARE location_two POINT;
  DECLARE response FLOAT;

  -- Obtener la ubicaci√≥n de la primera estaci√≥n
  SELECT locations.location
  INTO location_one
  FROM locations
  INNER JOIN stations
  ON stations.id = locations.station_id
  WHERE stations.name COLLATE utf8mb4_unicode_ci = station_name_one;

  -- Obtener la ubicaci√≥n de la segunda estaci√≥n
  SELECT locations.location
  INTO location_two
  FROM locations
  INNER JOIN stations
  ON stations.id = locations.station_id
  WHERE stations.name COLLATE utf8mb4_unicode_ci = station_name_two;

  -- Calcular la distancia entre los puntos (usando ST_Distance)
  SET response = ST_Distance(location_one, location_two);

  -- Convertir a kil√≥metros si se requiere
  IF is_kilometers THEN
    SET response = response / 1000;
  END IF;

  -- Retornar el resultado
  SELECT response;
END */$$
DELIMITER ;

/*!40101 SET SQL_MODE=@OLD_SQL_MODE */;
/*!40014 SET FOREIGN_KEY_CHECKS=@OLD_FOREIGN_KEY_CHECKS */;
/*!40014 SET UNIQUE_CHECKS=@OLD_UNIQUE_CHECKS */;
/*!40111 SET SQL_NOTES=@OLD_SQL_NOTES */;
